Time (s),Speed (km/h)
0.0,0.0
1.0,6.666666666666667
2.0,13.333333333333334
3.0,20.0
4.0,26.666666666666668
5.0,33.333333333333336
6.0,40.0
7.0,46.66666666666667
8.0,53.333333333333336
9.0,60.0
10.0,60.0
11.0,60.0
12.0,60.0
13.0,60.0
14.0,60.0
15.0,60.0
16.0,60.0
17.0,60.0
18.0,60.0
19.0,60.0
20.0,60.0
21.0,54.0
22.0,48.0
23.0,42.0
24.0,36.0
25.0,30.0
26.0,24.0
27.0,18.0
28.0,12.0
29.0,6.0
30.0,0.0
